{
    "pre-trained_legal/word2vec_sg_3500000000_100": {
        "cnn": {
            "acc": [
                0.6445993031358885,
                0.6829268292682927,
                0.6783216783216783
            ],
            "f1": [
                0.23206521739130434,
                0.31585623678646935,
                0.2909090909090909
            ],
            "conf_mat": [
                [
                    [
                        6,
                        0,
                        0,
                        68
                    ],
                    [
                        0,
                        0,
                        0,
                        30
                    ],
                    [
                        0,
                        0,
                        0,
                        4
                    ],
                    [
                        0,
                        0,
                        0,
                        179
                    ]
                ],
                [
                    [
                        26,
                        0,
                        0,
                        48
                    ],
                    [
                        1,
                        0,
                        0,
                        29
                    ],
                    [
                        0,
                        0,
                        0,
                        4
                    ],
                    [
                        9,
                        0,
                        0,
                        170
                    ]
                ],
                [
                    [
                        18,
                        0,
                        0,
                        56
                    ],
                    [
                        3,
                        0,
                        0,
                        26
                    ],
                    [
                        1,
                        0,
                        0,
                        3
                    ],
                    [
                        3,
                        0,
                        0,
                        176
                    ]
                ]
            ]
        },
        "lstm": {
            "acc": [
                0.6202090592334495,
                0.6376306620209059,
                0.6468531468531469
            ],
            "f1": [
                0.20380434782608695,
                0.23924290544001636,
                0.2374312856914127
            ],
            "conf_mat": [
                [
                    [
                        2,
                        0,
                        0,
                        72
                    ],
                    [
                        1,
                        0,
                        0,
                        29
                    ],
                    [
                        0,
                        0,
                        0,
                        4
                    ],
                    [
                        3,
                        0,
                        0,
                        176
                    ]
                ],
                [
                    [
                        8,
                        0,
                        0,
                        66
                    ],
                    [
                        0,
                        0,
                        0,
                        30
                    ],
                    [
                        0,
                        0,
                        0,
                        4
                    ],
                    [
                        4,
                        0,
                        0,
                        175
                    ]
                ],
                [
                    [
                        7,
                        0,
                        0,
                        67
                    ],
                    [
                        0,
                        0,
                        0,
                        29
                    ],
                    [
                        0,
                        0,
                        0,
                        4
                    ],
                    [
                        1,
                        0,
                        0,
                        178
                    ]
                ]
            ]
        }
    }
}